[
{
"type": "hostpolicy",
"fqdn": "hostb1.gwb.demo.",
"direction": "outbound",
"policy": {
    "request": [
        { "ope":"query", "group": "id", "code": "fqdn" },
        { "ope":"query", "group": "control", "code": "caep" }
    ],
    "offer": [
        { "ope":"info", "group": "id", "code": "fqdn", "value":"hostb1.gwb.demo." },
        { "ope":"info", "group": "control", "code": "caep", "value":"195.148.124.145" }
    ],
    "available": [
        { "ope":"info", "group": "id", "code": "fqdn", "value":"hostb1.gwb.demo." },
        { "ope":"info", "group": "control", "code": "caep", "value":"195.148.124.145"  }
    ]
    }
},
{
"type": "hostpolicy",
"fqdn": "hostb1.gwb.demo.",
"direction": "inbound",
"policy": {
    "request": [
        { "ope":"query", "group": "id", "code": "fqdn" },
        { "ope":"query", "group": "control", "code": "caep" }
    ],
    "available": [
        { "ope":"info", "group": "id", "code": "fqdn", "value":"hostb1.gwb.demo." },
        { "ope":"info", "group": "control", "code": "caep", "value":"195.148.124.145"  }
    ]
    }
},
{
"type": "hostpolicy",
"fqdn": "srv1.hostb1.gwb.demo.",
"direction": "inbound",
"policy": {
    "request": [
        { "ope":"query", "group": "id", "code": "fqdn", "value":["hosta1.gwa.demo.", "hosta2.gwa.demo.", "hostc1.gwb.demo."] },
        { "ope":"query", "cmp":"optional", "group": "control", "code": "hard_ttl", "value":"180" },
        { "ope":"query", "group": "control", "code": "caep" }
    ],
    "available": [
        { "ope":"info", "group": "id", "code": "fqdn", "value":"srv1.hostb1.gwb.demo." },
        { "ope":"info", "group": "control", "code": "caep", "value":"195.148.124.145"  },
        { "ope":"info", "group": "control", "code": "hard_ttl", "value":"180" },
        { "ope":"info", "group": "control", "code": "ack" }
    ]
    }
},
{
"type": "hostpolicy",
"fqdn": "srv2.hostb1.gwb.demo.",
"direction": "inbound",
"policy": {
    "request": [
        { "ope":"query", "group": "id", "code": "fqdn" },
        { "ope":"query", "group": "control", "code": "caep" },
        { "ope":"query", "group": "control", "code": "ack" }
    ],
    "available": [
        { "ope":"info", "group": "id", "code": "fqdn", "value":"srv2.hostb1.gwb.demo." },
        { "ope":"info", "group": "control", "code": "caep", "value":"195.148.124.145"  }
    ]
    }
},
{
"type": "hostpolicy",
"fqdn": "srv3.hostb1.gwb.demo.",
"direction": "inbound",
"policy": {
    "request": [
        { "ope":"query", "group": "id", "code": "fqdn" },
        { "ope":"query", "group": "control", "code": "caep" },
        { "ope":"query", "group": "control", "code": "ack" }
    ],
    "available": [
        { "ope":"info", "group": "id", "code": "fqdn", "value":"srv3.hostb1.gwb.demo." },
        { "ope":"info", "group": "control", "code": "caep", "value":"195.148.124.145"  }
    ]
    }
},
{
"type": "hostpolicy",
"fqdn": "hostb2.gwb.demo.",
"direction": "outbound",
"policy": {
    "request": [
        { "ope":"query", "group": "id", "code": "fqdn" },
        { "ope":"query", "group": "control", "code": "caep" }
    ],
    "offer": [
        { "ope":"info", "group": "id", "code": "fqdn", "value":"hostb2.gwb.demo." },
        { "ope":"info", "group": "control", "code": "caep", "value":"195.148.124.145" }
    ],
    "available": [
        { "ope":"info", "group": "id", "code": "fqdn", "value":"hostb2.gwb.demo." },
        { "ope":"info", "group": "control", "code": "caep", "value":"195.148.124.145" }
    ]
    }
},
{
"type": "hostpolicy",
"fqdn": "hostb2.gwb.demo.",
"direction": "inbound",
"policy": {
    "request": [
        { "ope":"query", "group": "id", "code": "fqdn" },
        { "ope":"query", "group": "control", "code": "caep" }
    ],
    "available": [
        { "ope":"info", "group": "id", "code": "fqdn", "value":"hostb2.gwb.demo." },
        { "ope":"info", "group": "control", "code": "caep", "value":"195.148.124.145"  }
    ]
    }
},
{
"type": "hostpolicy",
"fqdn": "hostb3.gwb.demo.",
"direction": "outbound",
"policy": {
    "request": [
        { "ope":"query", "group": "id", "code": "fqdn" },
        { "ope":"query", "group": "control", "code": "caep" }
    ],
    "offer": [
        { "ope":"info", "group": "id", "code": "fqdn", "value":"hostb3.gwb.demo." },
        { "ope":"info", "group": "control", "code": "caep", "value":"195.148.124.145"  }
    ],
    "available": [
        { "ope":"info", "group": "id", "code": "fqdn", "value":"hostb3.gwb.demo." },
        { "ope":"info", "group": "control", "code": "ack" },
        { "ope":"info", "group": "control", "code": "caep", "value":"195.148.124.145"  }
    ]
    }
},
{
"type": "hostpolicy",
"fqdn": "hostb3.gwb.demo.",
"direction": "inbound",
"policy": {
    "request": [
        { "ope":"query", "group": "id", "code": "fqdn" },
        { "ope":"query", "group": "control", "code": "caep" }
    ],
    "available": [
        { "ope":"info", "group": "id", "code": "fqdn", "value":"hostb3.gwb.demo." },
        { "ope":"info", "group": "control", "code": "caep", "value":"195.148.124.145"  }
    ]
    }
},
{
"type": "hostpolicy",
"fqdn": "raimo.gwb.demo.",
"direction": "outbound",
"policy": {
    "request": [
        { "ope":"query", "group": "id", "code": "fqdn" },
        { "ope":"query", "group": "control", "code": "caep" }
    ],
    "offer": [
        { "ope":"info", "group": "id", "code": "fqdn", "value":"raimo.gwb.demo." },
        { "ope":"info", "group": "control", "code": "caep", "value":"195.148.124.145" }
    ],
    "available": [
        { "ope":"info", "group": "id", "code": "fqdn", "value":"raimo.gwb.demo." },
        { "ope":"info", "group": "control", "code": "ack" },
        { "ope":"info", "group": "control", "code": "caep", "value":"195.148.124.145" }
    ]
    }
},
{
"type": "hostpolicy",
"fqdn": "raimo.gwb.demo.",
"direction": "inbound",
"policy": {
    "request": [
        { "ope":"query", "group": "id", "code": "fqdn", "value":["raimo_son1.gwa.demo.", "raimo_son2.gwa.demo."] },
        { "ope":"query", "group": "control", "code": "caep" },
        { "ope":"query", "group": "control", "code": "ack" }
    ],
    "available": [
        { "ope":"info", "group": "id", "code": "fqdn", "value":"raimo.gwb.demo." },
        { "ope":"info", "group": "control", "code": "ack" },
        { "ope":"info", "group": "control", "code": "caep", "value":"195.148.124.146" }
    ]
    }
},
{
"type": "hostpolicy",
"fqdn": "raimo2.gwb.demo.",
"direction": "inbound",
"policy": {
    "request": [
        { "ope":"query", "group": "id", "code": "fqdn", "value":["raimo_son1.gwa.demo.", "raimo_son2.gwa.demo."] },
        { "ope":"query", "group": "control", "code": "caep" },
        { "ope":"query", "group": "control", "code": "ack" }
    ],
    "available": [
        { "ope":"info", "group": "id", "code": "fqdn", "value":"raimo2.gwb.demo." },
        { "ope":"info", "group": "control", "code": "caep", "value":"195.148.124.145" }
    ]
    }
}
]

